invoice,stock_code,description,quantity,invoice_date,unit_price,customer_id,country,revenue
551539,23078,ICE CREAM PEN LIP GLOSS ,48,2011-05-03 08:40:00,1.25,12598,France,60.0
574328,22867,HAND WARMER BIRD DESIGN,96,2011-11-04 09:05:00,1.85,13081,United Kingdom,177.6
580600,23351,ROLL WRAP 50'S CHRISTMAS,1,2011-12-05 11:13:00,1.25,12841,United Kingdom,1.25
546104,21524,DOORMAT SPOTTY HOME SWEET HOME,1,2011-03-09 12:19:00,7.95,14527,United Kingdom,7.95
545013,21506,"FANCY FONT BIRTHDAY CARD, ",12,2011-02-25 13:09:00,0.42,13093,United Kingdom,5.04
550352,22730,ALARM CLOCK BAKELIKE IVORY,3,2011-04-18 10:21:00,3.75,16719,United Kingdom,11.25
538664,21619,4 VANILLA BOTANICAL CANDLES,24,2010-12-13 15:46:00,1.25,14733,United Kingdom,30.0
577396,22910,PAPER CHAIN KIT VINTAGE CHRISTMAS,40,2011-11-18 17:11:00,2.55,17621,United Kingdom,102.0
572183,22749,FELTCRAFT PRINCESS CHARLOTTE DOLL,4,2011-10-21 10:50:00,3.75,16153,United Kingdom,15.0
576771,23159,SET OF 5 PANCAKE DAY MAGNETS,12,2011-11-16 13:19:00,2.08,13285,United Kingdom,24.96
571418,22384,LUNCH BAG PINK POLKADOT,1,2011-10-17 12:35:00,1.65,16412,United Kingdom,1.65
553156,22384,LUNCH BAG PINK POLKADOT,5,2011-05-13 14:58:00,1.65,17841,United Kingdom,8.25
580482,23308,SET OF 60 VINTAGE LEAF CAKE CASES ,2,2011-12-04 12:44:00,0.55,16033,United Kingdom,1.1
556507,20726,LUNCH BAG WOODLAND,10,2011-06-13 09:55:00,1.65,12567,France,16.5
570499,22464,HANGING METAL HEART LANTERN,12,2011-10-11 09:19:00,1.65,12772,Portugal,19.8
548492,22659,LUNCH BOX I LOVE LONDON,1,2011-03-31 13:14:00,1.95,17841,United Kingdom,1.95
557295,23206,LUNCH BAG APPLE DESIGN,10,2011-06-19 13:37:00,1.65,12724,France,16.5
566583,82486,3 DRAWER ANTIQUE WHITE WOOD CABINET,2,2011-09-13 13:55:00,8.95,15343,United Kingdom,17.9
562888,22663,JUMBO BAG DOLLY GIRL DESIGN,10,2011-08-10 11:58:00,2.08,14388,United Kingdom,20.8
567189,23109,PACK OF SIX LED TEA LIGHTS,6,2011-09-19 09:10:00,2.89,17069,United Kingdom,17.34
569360,23329,DECORATIVE WICKER HEART LARGE,5,2011-10-03 14:59:00,1.65,14653,United Kingdom,8.25
573362,23265,SET OF 3 WOODEN TREE DECORATIONS,12,2011-10-30 13:06:00,1.25,12597,Spain,15.0
536874,84625A,PINK NEW BAROQUECANDLESTICK CANDLE,2,2010-12-03 11:35:00,2.95,16891,United Kingdom,5.9
564186,23212,HEART WREATH DECORATION WITH BELL,12,2011-08-23 15:20:00,1.25,15755,United Kingdom,15.0
557217,22570,FELTCRAFT CUSHION RABBIT,4,2011-06-17 12:30:00,3.75,17426,United Kingdom,15.0
559711,84997C,CHILDRENS CUTLERY POLKADOT BLUE,4,2011-07-12 10:46:00,4.15,13590,United Kingdom,16.6
546737,22174,PHOTO CUBE,12,2011-03-16 11:52:00,1.65,13358,United Kingdom,19.8
557770,23012,GLASS APOTHECARY BOTTLE PERFUME,4,2011-06-22 14:41:00,3.95,14643,United Kingdom,15.8
578515,22158,3 HEARTS HANGING DECORATION RUSTIC,1,2011-11-24 13:40:00,2.95,16885,United Kingdom,2.95
539659,85136A,YELLOW SHARK HELICOPTER,1,2010-12-21 09:47:00,7.95,15034,United Kingdom,7.95
554630,16156S,WRAP PINK FAIRY CAKES ,25,2011-05-25 11:34:00,0.42,13268,United Kingdom,10.5
560690,22629,SPACEBOY LUNCH BOX ,12,2011-07-20 12:00:00,1.95,16807,United Kingdom,23.4
546910,37479P,CUBIC MUG FLOCK PINK ON BROWN,2,2011-03-17 19:46:00,0.39,13969,United Kingdom,0.78
566075,84581,DOG TOY WITH PINK CROCHET SKIRT,4,2011-09-09 09:03:00,3.75,16173,United Kingdom,15.0
566737,84251G,"GREETING CARD, OVERCROWDED POOL.",12,2011-09-14 14:26:00,0.19,13430,United Kingdom,2.28
569790,22970,LONDON BUS COFFEE MUG,1,2011-10-06 11:42:00,2.55,15910,United Kingdom,2.55
576687,22574,HEART WOODEN CHRISTMAS DECORATION,3,2011-11-16 12:13:00,0.85,13558,United Kingdom,2.55
545152,21658,GLASS  BEURRE DISH,4,2011-02-28 12:47:00,3.95,15227,United Kingdom,15.8
578931,23581,JUMBO BAG PAISLEY PARK,4,2011-11-27 12:40:00,2.08,16942,United Kingdom,8.32
555866,21725,SWEETIES  STICKERS,12,2011-06-07 14:38:00,0.85,16841,United Kingdom,10.2
570594,22112,CHOCOLATE HOT WATER BOTTLE,3,2011-10-11 11:43:00,4.95,13517,United Kingdom,14.85
538365,22111,SCOTTIE DOG HOT WATER BOTTLE,2,2010-12-12 10:11:00,4.95,17243,United Kingdom,9.9
570269,22328,ROUND SNACK BOXES SET OF 4 FRUITS ,4,2011-10-10 10:16:00,2.95,17227,United Kingdom,11.8
541712,21754,HOME BUILDING BLOCK WORD,1,2011-01-21 11:19:00,5.95,17890,United Kingdom,5.95
572566,82484,WOOD BLACK BOARD ANT WHITE FINISH,2,2011-10-25 10:17:00,7.95,13050,United Kingdom,15.9
581114,22795,SWEETHEART RECIPE BOOK STAND,1,2011-12-07 12:19:00,6.75,14527,United Kingdom,6.75
554999,84992,72 SWEETHEART FAIRY CAKE CASES,2,2011-05-29 15:44:00,0.55,15547,United Kingdom,1.1
554996,22771,CLEAR DRAWER KNOB ACRYLIC EDWARDIAN,12,2011-05-29 14:28:00,1.25,16407,United Kingdom,15.0
575848,22535,MAGIC DRAWING SLATE BUNNIES ,3,2011-11-11 12:10:00,0.42,14178,United Kingdom,1.26
537242,21985,PACK OF 12 HEARTS DESIGN TISSUES ,24,2010-12-06 10:19:00,0.29,14748,United Kingdom,6.96
567742,23206,LUNCH BAG APPLE DESIGN,10,2011-09-22 10:47:00,1.65,14261,United Kingdom,16.5
544970,72802A,ROSE SCENT CANDLE IN JEWELLED BOX,6,2011-02-25 11:33:00,4.25,13362,United Kingdom,25.5
572219,84755,COLOUR GLASS T-LIGHT HOLDER HANGING,8,2011-10-21 13:17:00,0.65,17463,United Kingdom,5.2
559550,22865,HAND WARMER OWL DESIGN,2,2011-07-10 15:38:00,2.1,17757,United Kingdom,4.2
553194,22991,GIRAFFE WOODEN RULER,3,2011-05-15 13:37:00,1.95,16283,United Kingdom,5.85
538146,22630,DOLLY GIRL LUNCH BOX,12,2010-12-09 16:10:00,1.95,15596,United Kingdom,23.4
540372,47559B,TEA TIME OVEN GLOVE,20,2011-01-06 16:41:00,1.25,13081,United Kingdom,25.0
539496,22381,TOY TIDY PINK POLKADOT,5,2010-12-20 10:38:00,2.1,13050,United Kingdom,10.5
563891,22423,REGENCY CAKESTAND 3 TIER,4,2011-08-19 17:02:00,12.75,14500,United Kingdom,51.0
547867,22730,ALARM CLOCK BAKELIKE IVORY,3,2011-03-27 13:56:00,3.75,13357,United Kingdom,11.25
580066,22940,FELTCRAFT CHRISTMAS FAIRY,4,2011-12-01 13:33:00,4.25,14309,United Kingdom,17.0
574873,21592,RETROSPOT CIGAR BOX MATCHES ,6,2011-11-07 13:01:00,1.25,16362,United Kingdom,7.5
543373,22148,EASTER CRAFT 4 CHICKS ,12,2011-02-07 15:04:00,1.95,16945,United Kingdom,23.4
569081,21824,PAINTED METAL STAR WITH HOLLY BELLS,24,2011-09-30 11:54:00,0.39,13972,United Kingdom,9.36
557776,23034,DRAWER KNOB CERAMIC BLACK,6,2011-06-22 15:07:00,1.45,14422,United Kingdom,8.7
546172,22939,APRON APPLE DELIGHT,2,2011-03-10 10:32:00,4.95,14156,EIRE,9.9
553856,37447,CERAMIC CAKE DESIGN SPOTTED PLATE,2,2011-05-19 13:28:00,1.49,16813,United Kingdom,2.98
578289,21041,RED RETROSPOT OVEN GLOVE DOUBLE,1,2011-11-23 14:07:00,2.95,17841,United Kingdom,2.95
541241,35971,ROSE FOLKART HEART DECORATIONS,4,2011-01-16 11:08:00,1.25,13782,United Kingdom,5.0
548549,22776,SWEETHEART CAKESTAND 3 TIER,1,2011-03-31 19:55:00,9.95,16365,United Kingdom,9.95
574165,84032A,CHARLIE+LOLA PINK HOT WATER BOTTLE,6,2011-11-03 11:36:00,2.95,14815,United Kingdom,17.7
547507,22586,FELTCRAFT HAIRBAND PINK AND BLUE,24,2011-03-23 13:39:00,0.85,16859,United Kingdom,20.4
557468,22996,TRAVEL CARD WALLET VINTAGE TICKET,6,2011-06-20 13:14:00,0.42,16713,United Kingdom,2.52
581414,23571,TRADITIONAL NAUGHTS & CROSSES,1,2011-12-08 14:39:00,1.65,14730,United Kingdom,1.65
577008,21733,RED HANGING HEART T-LIGHT HOLDER,1,2011-11-17 12:02:00,2.95,16869,United Kingdom,2.95
547657,82482,WOODEN PICTURE FRAME WHITE FINISH,6,2011-03-24 12:58:00,2.55,13871,United Kingdom,15.3
536365,84406B,CREAM CUPID HEARTS COAT HANGER,8,2010-12-01 08:26:00,2.75,17850,United Kingdom,22.0
542419,20681,PINK POLKADOT CHILDRENS UMBRELLA,1,2011-01-27 17:41:00,3.25,14662,United Kingdom,3.25
573399,22969,HOMEMADE JAM SCENTED CANDLES,12,2011-10-30 15:35:00,1.45,13949,United Kingdom,17.4
563036,21914,BLUE HARMONICA IN BOX ,12,2011-08-11 14:55:00,1.25,14868,United Kingdom,15.0
538903,22699,ROSES REGENCY TEACUP AND SAUCER ,6,2010-12-15 10:17:00,2.95,13496,United Kingdom,17.7
548198,47593A,CAROUSEL PONIES BABY BIB,3,2011-03-29 16:05:00,0.29,16712,United Kingdom,0.87
579273,84947,ANTIQUE SILVER TEA GLASS ENGRAVED,12,2011-11-29 10:00:00,1.25,15197,United Kingdom,15.0
566913,22644,CERAMIC CHERRY CAKE MONEY BANK,4,2011-09-15 14:07:00,1.45,17602,United Kingdom,5.8
547665,22720,SET OF 3 CAKE TINS PANTRY DESIGN ,6,2011-03-24 13:17:00,4.95,14256,United Kingdom,29.7
556041,21931,JUMBO STORAGE BAG SUKI,2,2011-06-08 12:44:00,2.08,17954,United Kingdom,4.16
579087,84836,ZINC METAL HEART DECORATION,12,2011-11-28 10:35:00,1.25,13914,United Kingdom,15.0
573822,22699,ROSES REGENCY TEACUP AND SAUCER ,6,2011-11-01 11:33:00,2.95,15527,United Kingdom,17.7
578106,22961,JAM MAKING SET PRINTED,96,2011-11-23 09:02:00,1.25,16133,United Kingdom,120.0
575707,22720,SET OF 3 CAKE TINS PANTRY DESIGN ,3,2011-11-10 17:16:00,4.95,12538,Spain,14.85
569486,22866,HAND WARMER SCOTTY DOG DESIGN,3,2011-10-04 12:51:00,2.1,15339,United Kingdom,6.3
542733,22686,FRENCH BLUE METAL DOOR SIGN No,1,2011-01-31 15:35:00,1.25,15058,United Kingdom,1.25
544688,15056P,EDWARDIAN PARASOL PINK,4,2011-02-23 08:29:00,5.95,18151,United Kingdom,23.8
555349,21135,VICTORIAN  METAL POSTCARD SPRING,8,2011-06-02 12:08:00,1.69,16729,United Kingdom,13.52
554163,84906,PINK BUTTERFLY CUSHION COVER,3,2011-05-23 11:52:00,1.95,14573,United Kingdom,5.85
537388,20725,LUNCH BAG RED RETROSPOT,20,2010-12-06 13:35:00,1.65,17682,United Kingdom,33.0
544591,22925,BLUE GIANT GARDEN THERMOMETER,2,2011-02-21 15:20:00,5.95,13044,United Kingdom,11.9
570638,22909,SET OF 20 VINTAGE CHRISTMAS NAPKINS,2,2011-10-11 12:36:00,0.85,17888,United Kingdom,1.7
562602,21402,RED  EGG  SPOON,24,2011-08-08 10:11:00,0.12,12865,Austria,2.88
553405,21260,FIRST AID TIN,10,2011-05-17 08:37:00,3.25,14952,United Kingdom,32.5
540268,21879,HEARTS GIFT TAPE,24,2011-01-06 11:25:00,0.19,13458,United Kingdom,4.56
555000,84949,SILVER HANGING T-LIGHT HOLDER,6,2011-05-31 08:03:00,1.65,18232,United Kingdom,9.9
556792,84755,COLOUR GLASS T-LIGHT HOLDER HANGING,64,2011-06-14 13:52:00,0.65,17043,United Kingdom,41.6
543162,22511,RETROSPOT BABUSHKA DOORSTOP,1,2011-02-03 18:08:00,3.75,17507,United Kingdom,3.75
577478,21990,MODERN FLORAL STATIONERY SET,12,2011-11-20 11:33:00,1.25,15963,United Kingdom,15.0
552950,22770,MIRROR CORNICE,1,2011-05-12 12:01:00,14.95,16116,United Kingdom,14.95
536528,22077,6 RIBBONS RUSTIC CHARM,2,2010-12-01 13:17:00,1.65,15525,United Kingdom,3.3
544463,90063A,WHITE VINT ART DECO CRYSTAL NECKLAC,2,2011-02-20 14:31:00,8.5,12988,United Kingdom,17.0
578270,21929,JUMBO BAG PINK VINTAGE PAISLEY,3,2011-11-23 13:39:00,4.13,14096,United Kingdom,12.39
571743,22037,ROBOT BIRTHDAY CARD,12,2011-10-19 10:38:00,0.42,15853,United Kingdom,5.04
548974,22698,PINK REGENCY TEACUP AND SAUCER,6,2011-04-05 11:47:00,2.95,15194,United Kingdom,17.7
546624,20749,ASSORTED COLOUR MINI CASES,2,2011-03-15 11:38:00,7.95,14193,United Kingdom,15.9
566599,22588,CARD HOLDER GINGHAM HEART,3,2011-09-13 15:37:00,2.89,15998,United Kingdom,8.67
559985,22617,BAKING SET SPACEBOY DESIGN,3,2011-07-14 11:46:00,4.95,16488,United Kingdom,14.85
580884,22509,SEWING BOX RETROSPOT DESIGN ,1,2011-12-06 12:21:00,3.95,15907,United Kingdom,3.95
563377,21754,HOME BUILDING BLOCK WORD,3,2011-08-16 10:44:00,5.95,15002,United Kingdom,17.85
551531,22619,SET OF 6 SOLDIER SKITTLES,4,2011-05-01 13:45:00,3.75,15376,United Kingdom,15.0
552826,22912,YELLOW COAT RACK PARIS FASHION,6,2011-05-11 13:20:00,4.95,14277,France,29.7
536528,22607,WOODEN ROUNDERS GARDEN SET ,1,2010-12-01 13:17:00,9.95,15525,United Kingdom,9.95
566564,17012C,ORIGAMI LAVENDER INCENSE/CANDL SET ,8,2011-09-13 12:26:00,0.85,15522,United Kingdom,6.8
548655,48116,DOORMAT MULTICOLOUR STRIPE,2,2011-04-01 13:47:00,7.95,15605,United Kingdom,15.9
545188,22089,PAPER BUNTING VINTAGE PAISLEY,2,2011-02-28 15:19:00,2.95,14056,United Kingdom,5.9
556280,22500,SET OF 2 TINS JARDIN DE PROVENCE,1,2011-06-09 20:03:00,4.95,14584,United Kingdom,4.95
556193,10135,COLOURING PENCILS BROWN TUBE,10,2011-06-09 12:04:00,1.25,14132,United Kingdom,12.5
579559,23218,LAUREL STAR ANTIQUE GOLD,2,2011-11-30 11:30:00,1.25,16764,United Kingdom,2.5
569859,22481,BLACK TEA TOWEL CLASSIC DESIGN,4,2011-10-06 14:36:00,1.25,16814,United Kingdom,5.0
552820,22327,ROUND SNACK BOXES SET OF 4 SKULLS,6,2011-05-11 12:53:00,2.95,16644,United Kingdom,17.7
555937,21123,SET/10 IVORY POLKADOT PARTY CANDLES,24,2011-06-08 09:39:00,1.25,12683,France,30.0
571461,47369A,PINK GREEN EMBROIDERY COSMETIC BAG,1,2011-10-17 14:12:00,2.95,16932,United Kingdom,2.95
560590,22740,POLKADOT PEN,48,2011-07-19 15:55:00,0.85,12560,Germany,40.8
569824,23354,6 GIFT TAGS 50'S CHRISTMAS ,6,2011-10-06 12:22:00,0.83,17295,United Kingdom,4.98
568703,82494L,WOODEN FRAME ANTIQUE WHITE ,6,2011-09-28 15:21:00,2.95,12748,United Kingdom,17.7
555521,82580,BATHROOM METAL SIGN,12,2011-06-05 11:21:00,0.55,13576,United Kingdom,6.6
562619,22670,FRENCH WC SIGN BLUE METAL,5,2011-08-08 12:34:00,1.25,15311,United Kingdom,6.25
554985,22555,PLASTERS IN TIN STRONGMAN,12,2011-05-29 12:26:00,1.65,12426,Germany,19.8
548648,22697,GREEN REGENCY TEACUP AND SAUCER,6,2011-04-01 13:20:00,2.95,12949,United Kingdom,17.7
568104,22575,METAL MERRY CHRISTMAS WREATH,8,2011-09-23 15:50:00,1.95,16485,United Kingdom,15.6
574826,22818,CARD CHRISTMAS VILLAGE,12,2011-11-07 10:58:00,0.42,15870,United Kingdom,5.04
555568,22561,WOODEN SCHOOL COLOURING SET,4,2011-06-05 15:25:00,1.65,17589,United Kingdom,6.6
577791,84536A,ENGLISH ROSE NOTEBOOK A7 SIZE,16,2011-11-21 16:36:00,0.42,17100,United Kingdom,6.72
540697,22297,HEART IVORY TRELLIS SMALL,24,2011-01-11 09:20:00,1.25,16670,United Kingdom,30.0
570093,21340,CLASSIC METAL BIRDCAGE PLANT HOLDER,1,2011-10-07 11:55:00,12.75,18096,United Kingdom,12.75
571622,23293,SET OF 12 FAIRY CAKE BAKING CASES,8,2011-10-18 10:58:00,0.83,14798,United Kingdom,6.64
575918,85123A,WHITE HANGING HEART T-LIGHT HOLDER,6,2011-11-11 16:58:00,2.95,17191,United Kingdom,17.7
544452,85125,SMALL ROUND CUT GLASS CANDLESTICK,2,2011-02-20 12:32:00,4.95,14162,United Kingdom,9.9
538371,21809,CHRISTMAS HANGING TREE WITH BELL,2,2010-12-12 11:07:00,1.25,15570,United Kingdom,2.5
558647,23209,LUNCH BAG DOILEY PATTERN ,10,2011-07-01 10:39:00,1.65,14868,United Kingdom,16.5
540647,84050,PINK HEART SHAPE EGG FRYING PAN,9,2011-01-10 14:57:00,1.65,17406,United Kingdom,14.85
570167,20725,LUNCH BAG RED RETROSPOT,10,2011-10-07 14:04:00,1.65,15615,United Kingdom,16.5
578944,23191,BUNDLE OF 3 RETRO NOTE BOOKS,1,2011-11-27 13:41:00,1.65,16005,United Kingdom,1.65
551543,47566,PARTY BUNTING,4,2011-05-03 09:26:00,4.95,16055,United Kingdom,19.8
575512,23497,CLASSIC CHROME BICYCLE BELL ,12,2011-11-10 10:36:00,1.45,14121,United Kingdom,17.4
570861,22076,6 RIBBONS EMPIRE  ,12,2011-10-12 15:27:00,1.65,14775,United Kingdom,19.8
546006,21671,RED SPOT CERAMIC DRAWER KNOB,18,2011-03-08 15:22:00,1.25,17639,United Kingdom,22.5
563657,23188,VINTAGE  2 METER FOLDING RULER,12,2011-08-18 10:49:00,1.65,15615,United Kingdom,19.8
548363,35810A,ENAMEL PINK COFFEE CONTAINER,24,2011-03-30 15:48:00,0.83,12428,Finland,19.92
572035,22557,PLASTERS IN TIN VINTAGE PAISLEY ,96,2011-10-20 12:03:00,1.45,14646,Netherlands,139.2
550462,22356,CHARLOTTE BAG PINK POLKADOT,10,2011-04-18 13:22:00,0.85,16458,United Kingdom,8.5
540992,22716,CARD CIRCUS PARADE,12,2011-01-12 16:57:00,0.42,17364,United Kingdom,5.04
550621,84596J,MIXED NUTS LIGHT GREEN BOWL,2,2011-04-19 13:41:00,0.42,13263,United Kingdom,0.84
580399,23355,HOT WATER BOTTLE KEEP CALM,1,2011-12-04 11:45:00,4.95,13471,United Kingdom,4.95
543597,22341,LOVE GARLAND PAINTED ZINC ,12,2011-02-10 12:32:00,1.65,12857,United Kingdom,19.8
569302,22487,WHITE WOOD GARDEN PLANT LADDER,1,2011-10-03 12:04:00,9.95,16205,United Kingdom,9.95
557598,22853,CAT BOWL VINTAGE CREAM,1,2011-06-21 11:33:00,3.25,14667,United Kingdom,3.25
562574,23088,ZINC HEART FLOWER T-LIGHT HOLDER,16,2011-08-07 12:42:00,1.25,14903,United Kingdom,20.0
577258,20727,LUNCH BAG  BLACK SKULL.,1,2011-11-18 12:27:00,1.65,16764,United Kingdom,1.65
565443,21880,RED RETROSPOT TAPE,12,2011-09-04 14:22:00,0.65,12567,France,7.8
563954,22623,BOX OF VINTAGE JIGSAW BLOCKS ,12,2011-08-22 10:59:00,5.95,16652,United Kingdom,71.4
541524,22518,CHILDS GARDEN BRUSH BLUE,6,2011-01-19 10:49:00,2.1,17091,United Kingdom,12.6
561466,72802B,OCEAN SCENT CANDLE IN JEWELLED BOX,6,2011-07-27 12:50:00,4.25,17243,United Kingdom,25.5
576172,82494L,WOODEN FRAME ANTIQUE WHITE ,48,2011-11-14 11:00:00,2.55,15482,United Kingdom,122.4
575481,21787,RAIN PONCHO RETROSPOT,5,2011-11-09 16:28:00,0.85,15679,United Kingdom,4.25
546724,84375,SET OF 20 KIDS COOKIE CUTTERS,1,2011-03-16 11:02:00,2.1,12845,United Kingdom,2.1
574939,84580,MOUSE TOY WITH PINK T-SHIRT,1,2011-11-07 17:16:00,3.75,17109,United Kingdom,3.75
559866,23008,DOLLY GIRL BABY GIFT SET,1,2011-07-13 10:43:00,16.95,15795,United Kingdom,16.95
563253,17091J,VANILLA INCENSE IN TIN,2,2011-08-15 12:04:00,0.38,15218,United Kingdom,0.76
542354,22838,3 TIER CAKE TIN RED AND CREAM,1,2011-01-27 12:19:00,14.95,14709,United Kingdom,14.95
572302,85071C,"CHARLIE+LOLA""EXTREMELY BUSY"" SIGN",2,2011-10-23 14:47:00,0.39,15427,United Kingdom,0.78
577106,22974,CHILDRENS DOLLY GIRL MUG,1,2011-11-17 17:18:00,1.65,14456,United Kingdom,1.65
580511,23237,SET OF 4 KNICK KNACK TINS LEAF,6,2011-12-04 13:54:00,4.15,12560,Germany,24.9
581149,85130B,BEADED CRYSTAL HEART GREEN LARGE,1,2011-12-07 14:12:00,0.79,15471,United Kingdom,0.79
577324,23509,MINI PLAYING CARDS FUN FAIR ,20,2011-11-18 14:01:00,0.42,16463,United Kingdom,8.4
573083,23553,LANDMARK FRAME CAMDEN TOWN ,2,2011-10-27 14:22:00,12.5,13735,United Kingdom,25.0
574536,22630,DOLLY GIRL LUNCH BOX,1,2011-11-04 14:35:00,1.95,15707,United Kingdom,1.95
550304,16237,SLEEPING CAT ERASERS,30,2011-04-17 10:27:00,0.21,14092,United Kingdom,6.3
579516,21871,SAVE THE PLANET MUG,1,2011-11-29 17:52:00,1.65,17841,United Kingdom,1.65
542107,21907,I'M ON HOLIDAY METAL SIGN,1,2011-01-25 13:38:00,2.1,16222,United Kingdom,2.1
552291,22087,PAPER BUNTING WHITE LACE,6,2011-05-08 14:00:00,2.95,15421,United Kingdom,17.7
557283,47591D,PINK FAIRY CAKE CHILDRENS APRON,1,2011-06-19 12:26:00,1.95,16813,United Kingdom,1.95
580111,21636,MADRAS NOTEBOOK MEDIUM,12,2011-12-01 15:55:00,0.75,12950,United Kingdom,9.0
568675,22386,JUMBO BAG PINK POLKADOT,20,2011-09-28 13:32:00,1.79,14298,United Kingdom,35.8
550659,20972,PINK CREAM FELT CRAFT TRINKET BOX ,12,2011-04-20 09:02:00,1.25,17730,United Kingdom,15.0
566482,85014A,BLACK/BLUE POLKADOT UMBRELLA,3,2011-09-13 09:43:00,5.95,16609,United Kingdom,17.85
574287,21592,RETROSPOT CIGAR BOX MATCHES ,1,2011-11-03 15:09:00,1.25,14723,United Kingdom,1.25
572279,22557,PLASTERS IN TIN VINTAGE PAISLEY ,2,2011-10-23 10:56:00,1.65,16066,United Kingdom,3.3
555574,23256,CHILDRENS CUTLERY SPACEBOY ,4,2011-06-05 15:46:00,4.15,12417,Belgium,16.6
572451,23202,JUMBO BAG VINTAGE LEAF,20,2011-10-24 12:36:00,2.08,12921,United Kingdom,41.6
574573,84030E,ENGLISH ROSE HOT WATER BOTTLE,1,2011-11-04 16:35:00,4.25,14592,United Kingdom,4.25
544939,22585,PACK OF 6 BIRDY GIFT TAGS,12,2011-02-25 10:10:00,1.25,17034,United Kingdom,15.0
553462,22699,ROSES REGENCY TEACUP AND SAUCER ,6,2011-05-17 10:57:00,2.95,17147,United Kingdom,17.7
569897,22082,RIBBON REEL STRIPES DESIGN ,4,2011-10-06 16:01:00,1.65,17813,United Kingdom,6.6
566329,22664,TOY TIDY DOLLY GIRL DESIGN,4,2011-09-12 12:20:00,2.1,14527,United Kingdom,8.4
537381,22618,COOKING SET RETROSPOT,3,2010-12-06 13:13:00,9.95,14667,United Kingdom,29.85
574313,23404,HOME SWEET HOME BLACKBOARD,6,2011-11-03 17:45:00,4.95,13267,United Kingdom,29.7
543538,22487,WHITE WOOD GARDEN PLANT LADDER,1,2011-02-09 13:57:00,9.95,16143,United Kingdom,9.95
557956,21212,PACK OF 72 RETROSPOT CAKE CASES,3,2011-06-23 19:20:00,0.55,18283,United Kingdom,1.65
542727,21165,BEWARE OF THE CAT METAL SIGN ,2,2011-01-31 15:09:00,1.69,17604,United Kingdom,3.38
570806,22751,FELTCRAFT PRINCESS OLIVIA DOLL,4,2011-10-12 12:42:00,3.75,13115,United Kingdom,15.0
544657,22938,CUPCAKE LACE PAPER SET 6,12,2011-02-22 13:08:00,1.95,14895,United Kingdom,23.4
566847,23389,SPACEBOY MINI BACKPACK,2,2011-09-15 11:57:00,4.15,15005,United Kingdom,8.3
546752,22456,NATURAL SLATE CHALKBOARD LARGE ,6,2011-03-16 12:55:00,4.95,13299,United Kingdom,29.7
578941,85194S,HANGING SPRING FLOWER EGG SMALL,36,2011-11-27 13:26:00,0.19,16024,United Kingdom,6.84
565862,22697,GREEN REGENCY TEACUP AND SAUCER,6,2011-09-07 14:56:00,2.95,15885,United Kingdom,17.7
550525,21609,SET 12 LAVENDER  BOTANICAL T-LIGHTS,4,2011-04-19 10:19:00,2.95,14672,United Kingdom,11.8
575484,22699,ROSES REGENCY TEACUP AND SAUCER ,6,2011-11-09 17:02:00,2.95,16670,United Kingdom,17.7
566988,22112,CHOCOLATE HOT WATER BOTTLE,6,2011-09-16 10:56:00,4.95,16709,United Kingdom,29.7
572309,23224,CHERUB HEART DECORATION GOLD,1,2011-10-23 15:29:00,0.83,14432,United Kingdom,0.83
558887,22424,ENAMEL BREAD BIN CREAM,1,2011-07-04 15:26:00,12.75,18265,United Kingdom,12.75
567818,22633,HAND WARMER UNION JACK,3,2011-09-22 12:41:00,2.1,14395,United Kingdom,6.3
547987,21398,RED POLKADOT COFFEE  MUG,48,2011-03-29 09:11:00,0.39,17428,United Kingdom,18.72
539043,22837,HOT WATER BOTTLE BABUSHKA ,4,2010-12-15 15:45:00,4.65,12928,United Kingdom,18.6
551160,22985,WRAP BILLBOARD FONTS DESIGN,25,2011-04-26 15:04:00,0.42,15237,United Kingdom,10.5
536707,22626,BLACK KITCHEN SCALES,2,2010-12-02 12:33:00,8.5,12915,United Kingdom,17.0
544463,90065A,WHITE VINTAGE CRYSTAL BRACELET,2,2011-02-20 14:31:00,6.75,12988,United Kingdom,13.5
546659,22383,LUNCH BAG SUKI DESIGN ,20,2011-03-15 14:25:00,1.65,16996,United Kingdom,33.0
572520,22470,HEART OF WICKER LARGE,40,2011-10-24 15:05:00,2.55,13165,United Kingdom,102.0
554489,21913,VINTAGE SEASIDE JIGSAW PUZZLES,12,2011-05-24 13:46:00,3.75,17272,United Kingdom,45.0
561658,22750,FELTCRAFT PRINCESS LOLA DOLL,1,2011-07-28 16:06:00,3.75,12743,Unspecified,3.75
579167,82494L,WOODEN FRAME ANTIQUE WHITE ,2,2011-11-28 14:06:00,2.95,16800,United Kingdom,5.9
547549,21078,SET/20 STRAWBERRY PAPER NAPKINS ,12,2011-03-23 15:40:00,0.85,14794,United Kingdom,10.2
575842,22158,3 HEARTS HANGING DECORATION RUSTIC,4,2011-11-11 12:01:00,2.95,15024,United Kingdom,11.8
562256,22625,RED KITCHEN SCALES,2,2011-08-03 15:14:00,8.5,15152,United Kingdom,17.0
571054,85049C,ROMANTIC PINKS RIBBONS ,1,2011-10-13 13:58:00,1.25,14234,United Kingdom,1.25
552013,22385,JUMBO BAG SPACEBOY DESIGN,20,2011-05-05 17:34:00,2.08,12451,Switzerland,41.6
551440,21929,JUMBO BAG PINK VINTAGE PAISLEY,1,2011-04-28 15:29:00,2.08,15311,United Kingdom,2.08
562153,22757,LARGE RED BABUSHKA NOTEBOOK ,36,2011-08-03 11:21:00,1.06,14088,United Kingdom,38.16
547871,22524,CHILDRENS GARDEN GLOVES BLUE,2,2011-03-27 14:28:00,1.25,16931,United Kingdom,2.5
576184,23582,VINTAGE DOILY JUMBO BAG RED ,10,2011-11-14 11:24:00,2.08,14735,United Kingdom,20.8
555199,21094,SET/6 RED SPOTTY PAPER PLATES,1,2011-06-01 12:05:00,0.85,14606,United Kingdom,0.85
550957,21181,PLEASE ONE PERSON METAL SIGN,1,2011-04-21 16:37:00,2.1,18283,United Kingdom,2.1
541711,20717,STRAWBERRY SHOPPER BAG,100,2011-01-21 11:18:00,1.06,14646,Netherlands,106.0
568212,22979,PANTRY WASHING UP BRUSH,1,2011-09-25 16:05:00,1.45,15154,United Kingdom,1.45
569897,22911,PAPER CHAIN KIT LONDON,1,2011-10-06 16:01:00,2.95,17813,United Kingdom,2.95
574657,23497,CLASSIC CHROME BICYCLE BELL ,2,2011-11-06 11:43:00,1.45,13772,United Kingdom,2.9
561322,81952V,ROUND PURPLE CLOCK WITH SUCKER,20,2011-07-26 13:03:00,0.19,15203,United Kingdom,3.8
556042,21162,TOXIC AREA  DOOR HANGER ,2,2011-06-08 12:44:00,1.45,14367,United Kingdom,2.9
562276,23204,CHARLOTTE BAG APPLES DESIGN,20,2011-08-04 10:23:00,0.85,17735,United Kingdom,17.0
561092,84596F,SMALL MARSHMALLOWS PINK BOWL,16,2011-07-25 09:58:00,0.42,17054,United Kingdom,6.72
577170,22623,BOX OF VINTAGE JIGSAW BLOCKS ,3,2011-11-18 10:46:00,5.95,13456,United Kingdom,17.85
543036,21166,COOK WITH WINE METAL SIGN ,2,2011-02-02 15:57:00,1.95,17223,United Kingdom,3.9
546190,23049,RECYCLED ACAPULCO MAT RED,2,2011-03-10 10:57:00,8.25,13102,United Kingdom,16.5
545419,22029,SPACEBOY BIRTHDAY CARD,12,2011-03-02 14:16:00,0.42,15104,United Kingdom,5.04
565434,22271,FELTCRAFT DOLL ROSIE,2,2011-09-04 13:35:00,2.95,12867,United Kingdom,5.9
553188,22664,TOY TIDY DOLLY GIRL DESIGN,5,2011-05-15 12:55:00,2.1,15379,United Kingdom,10.5
564308,21244,BLUE POLKADOT PLATE ,24,2011-08-24 12:36:00,1.69,13901,United Kingdom,40.56
578679,22414,DOORMAT NEIGHBOURHOOD WITCH ,2,2011-11-25 08:12:00,8.25,15117,United Kingdom,16.5
581015,22203,MILK PAN RED RETROSPOT,12,2011-12-07 09:35:00,1.25,13949,United Kingdom,15.0
558099,21617,4 LILY  BOTANICAL DINNER CANDLES,4,2011-06-26 13:45:00,3.75,17593,United Kingdom,15.0
541916,84997C,BLUE 3 PIECE POLKADOT CUTLERY SET,5,2011-01-24 11:34:00,3.75,17861,United Kingdom,18.75
536408,22553,PLASTERS IN TIN SKULLS,12,2010-12-01 11:41:00,1.65,14307,United Kingdom,19.8
557281,48184,DOORMAT ENGLISH ROSE ,2,2011-06-19 12:23:00,7.95,13632,United Kingdom,15.9
579516,71406C,BLACK ORANGE SQUEEZER,6,2011-11-29 17:52:00,0.42,17841,United Kingdom,2.52
560841,23077,DOUGHNUT LIP GLOSS ,80,2011-07-21 12:25:00,1.04,14298,United Kingdom,83.2
564150,21535,RED RETROSPOT SMALL MILK JUG,6,2011-08-23 12:30:00,2.55,14936,Channel Islands,15.3
539404,47369A,PINK GREEN EMBROIDERY COSMETIC BAG,1,2010-12-17 12:24:00,2.95,17315,United Kingdom,2.95
553487,22602,RETROSPOT WOODEN HEART DECORATION,4,2011-05-17 12:38:00,0.85,13246,United Kingdom,3.4
578117,84945,MULTI COLOUR SILVER T-LIGHT HOLDER,12,2011-11-23 10:01:00,0.85,14334,United Kingdom,10.2
573485,20719,WOODLAND CHARLOTTE BAG,10,2011-10-31 11:37:00,0.85,15752,United Kingdom,8.5
554937,22414,DOORMAT NEIGHBOURHOOD WITCH ,2,2011-05-27 13:32:00,7.95,15402,United Kingdom,15.9
563858,22913,RED COAT RACK PARIS FASHION,3,2011-08-19 16:04:00,4.95,18170,United Kingdom,14.85
541414,22469,HEART OF WICKER SMALL,5,2011-01-17 16:14:00,1.65,18212,United Kingdom,8.25
579470,23148,MINIATURE ANTIQUE ROSE HOOK IVORY,3,2011-11-29 15:06:00,0.83,16549,United Kingdom,2.49
542737,22971,QUEENS GUARD COFFEE MUG,1,2011-01-31 15:52:00,2.55,15058,United Kingdom,2.55
538202,21784,SHOE SHINE BOX ,2,2010-12-10 11:19:00,9.95,14667,United Kingdom,19.9
547910,37327,ASSTD MULTICOLOUR CIRCLES MUG,12,2011-03-28 12:23:00,0.39,14159,United Kingdom,4.68
566587,22147,FELTCRAFT BUTTERFLY HEARTS,12,2011-09-13 14:30:00,1.45,14132,United Kingdom,17.4
550291,22084,PAPER CHAIN KIT EMPIRE,6,2011-04-15 15:17:00,2.95,13720,United Kingdom,17.7
576784,35001G,HAND OPEN SHAPE GOLD,2,2011-11-16 13:40:00,4.25,16204,United Kingdom,8.5
545670,22423,REGENCY CAKESTAND 3 TIER,16,2011-03-06 10:07:00,10.95,15465,United Kingdom,175.2
553901,22120,WELCOME  WOODEN BLOCK LETTERS,3,2011-05-19 17:48:00,9.95,14911,EIRE,29.85
547000,21747,SMALL SKULL WINDMILL,12,2011-03-18 13:51:00,1.25,14282,United Kingdom,15.0
569401,23264,SET OF 3 WOODEN SLEIGH DECORATIONS,12,2011-10-04 08:56:00,1.25,15111,United Kingdom,15.0
567183,23235,STORAGE TIN VINTAGE LEAF,2,2011-09-18 15:32:00,2.89,14769,United Kingdom,5.78
543821,22604,SET OF 4 NAPKIN CHARMS CUTLERY,6,2011-02-14 09:24:00,2.55,17667,United Kingdom,15.3
567375,23360,SET 8 CANDLES VINTAGE DOILY,12,2011-09-20 09:45:00,1.95,14766,United Kingdom,23.4
543602,22487,WHITE WOOD GARDEN PLANT LADDER,2,2011-02-10 13:34:00,9.95,15570,United Kingdom,19.9
537374,10133,COLOURING PENCILS BROWN TUBE,2,2010-12-06 12:55:00,0.85,17259,United Kingdom,1.7
557488,21934,SKULL SHOULDER BAG,1,2011-06-20 14:48:00,1.65,15581,United Kingdom,1.65
579109,23497,CLASSIC CHROME BICYCLE BELL ,12,2011-11-28 11:45:00,1.45,16705,United Kingdom,17.4
573406,85099C,JUMBO  BAG BAROQUE BLACK WHITE,10,2011-10-30 15:57:00,2.08,14112,United Kingdom,20.8
563746,23300,GARDENERS KNEELING PAD CUP OF TEA ,12,2011-08-19 10:05:00,1.65,14745,United Kingdom,19.8
556198,21123,SET/10 IVORY POLKADOT PARTY CANDLES,1,2011-06-09 12:30:00,1.25,14963,United Kingdom,1.25
547370,22079,RIBBON REEL HEARTS DESIGN ,10,2011-03-22 13:32:00,1.65,14711,United Kingdom,16.5
562527,22077,6 RIBBONS RUSTIC CHARM,12,2011-08-05 13:49:00,1.65,12647,Germany,19.8
565350,15056P,EDWARDIAN PARASOL PINK,1,2011-09-02 14:42:00,5.95,14178,United Kingdom,5.95
551842,22557,PLASTERS IN TIN VINTAGE PAISLEY ,8,2011-05-04 13:52:00,1.65,16678,United Kingdom,13.2
576786,21892,TRADITIONAL WOODEN CATCH CUP GAME ,12,2011-11-16 13:53:00,1.25,16999,United Kingdom,15.0
545687,85099F,JUMBO BAG STRAWBERRY,3,2011-03-06 12:20:00,1.95,17769,United Kingdom,5.85
558262,21509,COWBOYS AND INDIANS BIRTHDAY CARD ,72,2011-06-28 08:45:00,0.36,14646,Netherlands,25.92
537212,22961,JAM MAKING SET PRINTED,12,2010-12-05 15:21:00,1.45,12720,Germany,17.4
570843,22334,DINOSAUR PARTY BAG + STICKER SET,2,2011-10-12 14:22:00,1.65,17293,United Kingdom,3.3
572882,22383,LUNCH BAG SUKI DESIGN ,10,2011-10-26 13:36:00,1.65,18226,United Kingdom,16.5
560256,22169,FAMILY ALBUM WHITE PICTURE FRAME,1,2011-07-17 13:24:00,8.5,14462,United Kingdom,8.5
578292,22153,ANGEL DECORATION STARS ON DRESS,14,2011-11-23 14:35:00,0.42,13174,United Kingdom,5.88
568320,22562,MONSTERS STENCIL CRAFT,12,2011-09-26 13:35:00,1.25,17674,United Kingdom,15.0
560996,22227,HANGING HEART MIRROR DECORATION ,12,2011-07-22 13:53:00,0.65,17625,United Kingdom,7.8
566451,23310,BUBBLEGUM RING ASSORTED,36,2011-09-12 16:14:00,0.42,18069,United Kingdom,15.12
565857,22759,SET OF 3 NOTEBOOKS IN PARCEL,12,2011-09-07 14:13:00,1.65,14911,EIRE,19.8
554979,23002,TRAVEL CARD WALLET SKULLS,2,2011-05-29 11:34:00,0.42,16931,United Kingdom,0.84
579938,23224,CHERUB HEART DECORATION GOLD,12,2011-12-01 10:18:00,0.83,14146,United Kingdom,9.96
577256,23210,WHITE ROCKING HORSE HAND PAINTED,24,2011-11-18 12:25:00,1.25,15530,United Kingdom,30.0
553527,22917,HERB MARKER ROSEMARY,12,2011-05-17 14:57:00,0.65,15123,United Kingdom,7.8
576848,22636,CHILDS BREAKFAST SET CIRCUS PARADE,2,2011-11-16 15:38:00,8.5,15051,United Kingdom,17.0
564489,21242,RED RETROSPOT PLATE ,4,2011-08-25 14:13:00,1.69,15950,United Kingdom,6.76
538849,85061W,WHITE JEWELLED HEART DECORATION,10,2010-12-14 13:31:00,0.85,14415,United Kingdom,8.5
578826,21481,FAWN BLUE HOT WATER BOTTLE,3,2011-11-25 14:24:00,3.75,17329,United Kingdom,11.25
566562,20969,RED FLORAL FELTCRAFT SHOULDER BAG,4,2011-09-13 12:18:00,3.75,17365,United Kingdom,15.0
550804,22427,ENAMEL FLOWER JUG CREAM,3,2011-04-20 15:32:00,5.95,16676,United Kingdom,17.85
565432,21034,REX CASH+CARRY JUMBO SHOPPER,2,2011-09-04 13:16:00,0.95,16241,United Kingdom,1.9
567795,23108,SET OF 10 LED DOLLY LIGHTS,12,2011-09-22 11:44:00,5.39,14646,Netherlands,64.68
562213,85175,CACTI T-LIGHT CANDLES,12,2011-08-03 13:39:00,0.42,13975,United Kingdom,5.04
547203,82494L,WOODEN FRAME ANTIQUE WHITE ,6,2011-03-21 13:51:00,2.95,17146,United Kingdom,17.7
537397,22086,PAPER CHAIN KIT 50'S CHRISTMAS ,12,2010-12-06 14:19:00,2.95,16817,United Kingdom,35.4
544070,22966,GINGERBREAD MAN COOKIE CUTTER,12,2011-02-15 14:19:00,1.25,15370,United Kingdom,15.0
575339,23146,TRIPLE HOOK ANTIQUE IVORY ROSE,6,2011-11-09 14:29:00,3.29,15555,United Kingdom,19.74
574051,21668,RED STRIPE CERAMIC DRAWER KNOB,12,2011-11-02 13:46:00,1.45,14102,United Kingdom,17.4
571216,84536B,FAIRY CAKES NOTEBOOK A7 SIZE,3,2011-10-14 13:06:00,0.42,16081,United Kingdom,1.26
569008,23434,3 RAFFIA RIBBONS 50'S CHRISTMAS ,10,2011-09-29 18:53:00,0.79,15114,United Kingdom,7.9
575760,23365,SET 12 COLOUR PENCILS LOVE LONDON,4,2011-11-11 10:50:00,0.65,15965,United Kingdom,2.6
540517,51014A,"FEATHER PEN,HOT PINK",12,2011-01-09 12:02:00,0.85,17128,United Kingdom,10.2
559824,22607,WOODEN ROUNDERS GARDEN SET ,2,2011-07-12 17:23:00,9.95,17576,United Kingdom,19.9
568166,21209,MULTICOLOUR HONEYCOMB FAN,2,2011-09-25 12:45:00,0.39,14800,United Kingdom,0.78
577598,22636,CHILDS BREAKFAST SET CIRCUS PARADE,2,2011-11-21 08:19:00,8.5,13430,United Kingdom,17.0
539484,21929,JUMBO BAG PINK VINTAGE PAISLEY,1,2010-12-19 15:44:00,1.95,15640,United Kingdom,1.95
577092,22617,BAKING SET SPACEBOY DESIGN,3,2011-11-17 16:35:00,4.95,15136,United Kingdom,14.85
560828,22208,WOOD STAMP SET THANK YOU,12,2011-07-21 11:55:00,0.83,14298,United Kingdom,9.96
564846,22386,JUMBO BAG PINK POLKADOT,1,2011-08-30 15:16:00,2.08,14507,United Kingdom,2.08
558315,22930,BAKING MOULD HEART MILK CHOCOLATE,6,2011-06-28 11:44:00,2.55,15065,United Kingdom,15.3
581427,22111,SCOTTIE DOG HOT WATER BOTTLE,3,2011-12-08 15:36:00,4.95,13890,United Kingdom,14.85
578942,22745,POPPY'S PLAYHOUSE BEDROOM ,1,2011-11-27 13:29:00,2.1,17288,United Kingdom,2.1
565432,23263,SET OF 3 WOODEN HEART DECORATIONS,1,2011-09-04 13:16:00,1.25,16241,United Kingdom,1.25
544087,22926,IVORY GIANT GARDEN THERMOMETER,1,2011-02-15 17:02:00,5.95,17530,United Kingdom,5.95
561195,84927D,LA PALMIERA TILE HOOK,5,2011-07-25 13:57:00,0.39,14796,United Kingdom,1.95
567128,85014B,RED RETROSPOT UMBRELLA,2,2011-09-16 14:04:00,5.95,18055,United Kingdom,11.9
573130,20971,PINK BLUE FELT CRAFT TRINKET BOX,12,2011-10-27 16:41:00,1.25,13969,United Kingdom,15.0
576609,20675,BLUE POLKADOT BOWL,3,2011-11-15 16:08:00,1.25,15556,United Kingdom,3.75
573870,22910,PAPER CHAIN KIT VINTAGE CHRISTMAS,1,2011-11-01 12:25:00,2.95,14485,United Kingdom,2.95
579196,48138,DOORMAT UNION FLAG,1,2011-11-28 15:54:00,15.79,14096,United Kingdom,15.79
576834,21914,BLUE HARMONICA IN BOX ,12,2011-11-16 15:10:00,1.25,13458,United Kingdom,15.0
553210,17107D,"FLOWER FAIRY,5 SUMMER B'DRAW LINERS",6,2011-05-16 09:40:00,2.55,14016,EIRE,15.3
560868,22993,SET OF 4 PANTRY JELLY MOULDS,1,2011-07-21 14:14:00,1.25,14866,United Kingdom,1.25
576593,23349,ROLL WRAP VINTAGE CHRISTMAS,1,2011-11-15 14:48:00,1.25,15720,United Kingdom,1.25
538199,22367,CHILDRENS APRON SPACEBOY DESIGN,6,2010-12-10 11:02:00,1.95,14082,United Kingdom,11.7
560120,23245,SET OF 3 REGENCY CAKE TINS,4,2011-07-15 10:27:00,4.95,14907,United Kingdom,19.8
574062,22585,PACK OF 6 BIRDY GIFT TAGS,36,2011-11-02 14:30:00,1.25,17675,United Kingdom,45.0
538307,22729,ALARM CLOCK BAKELIKE ORANGE,1,2010-12-10 13:27:00,3.75,14667,United Kingdom,3.75
549646,47566,PARTY BUNTING,4,2011-04-11 11:51:00,4.95,12982,United Kingdom,19.8
577743,22114,HOT WATER BOTTLE TEA AND SYMPATHY,3,2011-11-21 13:44:00,4.25,17006,United Kingdom,12.75
542578,22771,CLEAR DRAWER KNOB ACRYLIC EDWARDIAN,12,2011-01-28 14:57:00,1.25,13709,United Kingdom,15.0
551739,21385,IVORY HANGING DECORATION  HEART,1,2011-05-04 10:58:00,0.85,18118,United Kingdom,0.85
570703,23183,MOTHER'S KITCHEN SPOON REST ,6,2011-10-12 09:50:00,3.75,14911,EIRE,22.5
574363,23543,WALL ART KEEP CALM ,60,2011-11-04 10:57:00,6.98,18102,United Kingdom,418.8
570282,23118,PARISIENNE JEWELLERY DRAWER ,6,2011-10-10 11:20:00,7.5,13473,United Kingdom,45.0
555091,22384,LUNCH BAG PINK POLKADOT,2,2011-05-31 12:50:00,1.65,12748,United Kingdom,3.3
539416,22023,EMPIRE BIRTHDAY CARD,24,2010-12-17 13:56:00,0.42,17888,United Kingdom,10.08
561352,22086,PAPER CHAIN KIT 50'S CHRISTMAS ,12,2011-07-26 14:41:00,2.95,18094,United Kingdom,35.4
537081,22750,FELTCRAFT PRINCESS LOLA DOLL,16,2010-12-05 12:00:00,3.75,15332,Lithuania,60.0
555400,23064,CINDERELLA CHANDELIER ,1,2011-06-02 17:50:00,49.95,14088,United Kingdom,49.95
562162,21034,REX CASH+CARRY JUMBO SHOPPER,1,2011-08-03 12:03:00,0.95,12841,United Kingdom,0.95
579196,23263,SET OF 3 WOODEN HEART DECORATIONS,3,2011-11-28 15:54:00,2.5,14096,United Kingdom,7.5
568728,22555,PLASTERS IN TIN STRONGMAN,24,2011-09-28 16:42:00,1.65,17513,United Kingdom,39.6
580716,85227,SET OF 6 3D KIT CARDS FOR KIDS,12,2011-12-05 16:48:00,0.85,12367,Denmark,10.2
540458,22748,POPPY'S PLAYHOUSE KITCHEN,6,2011-01-07 12:28:00,2.1,12501,Germany,12.6
552271,47590A,BLUE HAPPY BIRTHDAY BUNTING,3,2011-05-08 12:00:00,5.45,13069,United Kingdom,16.35
578074,20726,LUNCH BAG WOODLAND,2,2011-11-22 16:06:00,1.65,17590,United Kingdom,3.3
548354,22303,COFFEE MUG APPLES DESIGN,36,2011-03-30 15:06:00,2.1,15981,United Kingdom,75.6
552321,20711,JUMBO BAG TOYS ,10,2011-05-09 09:15:00,2.08,17049,United Kingdom,20.8
554108,23145,ZINC T-LIGHT HOLDER STAR LARGE,12,2011-05-22 14:29:00,0.95,13668,United Kingdom,11.4
572541,21534,DAIRY MAID LARGE MILK JUG,1,2011-10-24 16:20:00,4.95,17315,United Kingdom,4.95
544970,22430,ENAMEL WATERING CAN CREAM,4,2011-02-25 11:33:00,4.95,13362,United Kingdom,19.8
573399,22139,RETROSPOT TEA SET CERAMIC 11 PC ,3,2011-10-30 15:35:00,4.95,13949,United Kingdom,14.85
578936,22383,LUNCH BAG SUKI DESIGN ,10,2011-11-27 13:00:00,1.65,16923,United Kingdom,16.5
565839,22413,METAL SIGN TAKE IT OR LEAVE IT ,12,2011-09-07 11:46:00,2.95,13186,United Kingdom,35.4
544095,22720,SET OF 3 CAKE TINS PANTRY DESIGN ,6,2011-02-16 09:25:00,4.95,16509,United Kingdom,29.7
564061,22386,JUMBO BAG PINK POLKADOT,2,2011-08-22 14:38:00,2.08,14505,United Kingdom,4.16
580752,22966,GINGERBREAD MAN COOKIE CUTTER,12,2011-12-06 09:56:00,1.25,12478,Greece,15.0
576592,20914,SET/5 RED RETROSPOT LID GLASS BOWLS,7,2011-11-15 14:47:00,2.95,13614,United Kingdom,20.65
557484,82600,NO SINGING METAL SIGN,2,2011-06-20 14:36:00,2.1,14796,United Kingdom,4.2
559894,47503A,ASS FLORAL PRINT MULTI SCREWDRIVER,12,2011-07-13 12:06:00,0.42,14159,United Kingdom,5.04
544637,22251,BIRDHOUSE DECORATION MAGIC GARDEN,24,2011-02-22 11:20:00,1.25,16546,United Kingdom,30.0
549550,82494L,WOODEN FRAME ANTIQUE WHITE ,1,2011-04-10 11:45:00,2.95,15038,United Kingdom,2.95
538638,21817,GLITTER CHRISTMAS TREE,3,2010-12-13 14:16:00,0.85,17231,United Kingdom,2.55
563558,20713,JUMBO BAG OWLS,10,2011-08-17 13:40:00,2.08,14156,EIRE,20.8
574029,84991,60 TEATIME FAIRY CAKE CASES,24,2011-11-02 12:34:00,0.55,12955,United Kingdom,13.2
544685,21868,POTTING SHED TEA MUG,12,2011-02-22 17:13:00,1.25,13285,United Kingdom,15.0
547327,22990,COTTON APRON PANTRY DESIGN,2,2011-03-22 11:28:00,4.95,12681,France,9.9
576381,23191,BUNDLE OF 3 RETRO NOTE BOOKS,12,2011-11-15 09:26:00,1.65,12839,United Kingdom,19.8
573893,23041,PAPER LANTERN 9 POINT SNOW STAR,8,2011-11-01 13:57:00,4.15,18270,United Kingdom,33.2
568060,23301,GARDENERS KNEELING PAD KEEP CALM ,2,2011-09-23 13:11:00,1.65,14546,United Kingdom,3.3
547382,47599A,PINK PARTY BAGS,3,2011-03-22 15:31:00,2.1,15457,United Kingdom,6.3
548388,22444,GROW YOUR OWN PLANT IN A CAN ,24,2011-03-30 16:52:00,1.25,13268,United Kingdom,30.0
545052,22485,SET OF 2 WOODEN MARKET CRATES,2,2011-02-27 12:27:00,12.75,13971,United Kingdom,25.5
544717,22991,GIRAFFE WOODEN RULER,12,2011-02-23 10:44:00,1.95,18172,United Kingdom,23.4
545980,22777,GLASS CLOCHE LARGE,1,2011-03-08 12:49:00,8.5,14730,United Kingdom,8.5
557952,21755,LOVE BUILDING BLOCK WORD,4,2011-06-23 18:33:00,5.95,14584,United Kingdom,23.8
573248,22560,TRADITIONAL MODELLING CLAY,1,2011-10-28 12:09:00,1.25,14498,United Kingdom,1.25
570214,22082,RIBBON REEL STRIPES DESIGN ,5,2011-10-09 11:50:00,1.65,12748,United Kingdom,8.25
568987,21094,SET/6 RED SPOTTY PAPER PLATES,12,2011-09-29 15:58:00,0.85,12709,Germany,10.2
548655,47559B,TEA TIME OVEN GLOVE,10,2011-04-01 13:47:00,1.25,15605,United Kingdom,12.5
554057,72351B,SET/6 PINK  BUTTERFLY T-LIGHTS,1,2011-05-20 15:52:00,2.1,17867,United Kingdom,2.1
568198,21731,RED TOADSTOOL LED NIGHT LIGHT,6,2011-09-25 14:52:00,1.65,16771,United Kingdom,9.9
572215,21121,SET/10 RED POLKADOT PARTY CANDLES,48,2011-10-21 12:52:00,1.25,12646,USA,60.0
557864,21498,RED RETROSPOT WRAP ,25,2011-06-23 12:19:00,0.42,15253,United Kingdom,10.5
568082,82494L,WOODEN FRAME ANTIQUE WHITE ,12,2011-09-23 14:38:00,2.95,14944,United Kingdom,35.4
542152,85099F,JUMBO BAG STRAWBERRY,10,2011-01-26 10:33:00,1.95,13534,United Kingdom,19.5
547374,22489,PACK OF 12 TRADITIONAL CRAYONS,1,2011-03-22 13:54:00,0.42,16110,United Kingdom,0.42
545058,22726,ALARM CLOCK BAKELIKE GREEN,8,2011-02-27 13:03:00,3.75,13767,United Kingdom,30.0
564057,22624,IVORY KITCHEN SCALES,2,2011-08-22 14:20:00,8.5,15296,United Kingdom,17.0
571670,84375,SET OF 20 KIDS COOKIE CUTTERS,12,2011-10-18 13:12:00,2.1,12611,Italy,25.2
569824,23319,BOX OF 6 MINI 50'S CRACKERS,3,2011-10-06 12:22:00,2.49,17295,United Kingdom,7.47
536381,37444A,YELLOW BREAKFAST CUP AND SAUCER,1,2010-12-01 09:41:00,2.95,15311,United Kingdom,2.95
536633,22918,HERB MARKER PARSLEY,2,2010-12-02 11:20:00,0.65,14901,United Kingdom,1.3
552826,23079,TOADSTOOL BEDSIDE LIGHT ,4,2011-05-11 13:20:00,8.95,14277,France,35.8
543022,22508,DOORSTOP RETROSPOT HEART,2,2011-02-02 14:37:00,3.75,16771,United Kingdom,7.5
576052,22488,NATURAL SLATE RECTANGLE CHALKBOARD,3,2011-11-13 14:48:00,1.65,15787,United Kingdom,4.95
580644,21248,DOOR HANGER  MUM + DADS ROOM,2,2011-12-05 13:10:00,1.45,16904,United Kingdom,2.9
577357,23012,GLASS APOTHECARY BOTTLE PERFUME,12,2011-11-18 15:54:00,3.45,13098,United Kingdom,41.4
569005,21499,BLUE POLKADOT WRAP,25,2011-09-29 18:30:00,0.42,16268,United Kingdom,10.5
550633,82494L,WOODEN FRAME ANTIQUE WHITE ,1,2011-04-19 14:57:00,2.95,17449,United Kingdom,2.95
569653,84997B,CHILDRENS CUTLERY RETROSPOT RED ,12,2011-10-05 12:52:00,4.15,12451,Switzerland,49.8
575368,23083,SET 6 PAPER TABLE LANTERN STARS ,1,2011-11-09 15:07:00,3.75,14482,United Kingdom,3.75
543306,22748,POPPY'S PLAYHOUSE KITCHEN,1,2011-02-07 11:56:00,2.1,16686,United Kingdom,2.1
571046,22970,LONDON BUS COFFEE MUG,1,2011-10-13 13:35:00,2.55,18096,United Kingdom,2.55
571475,22906,12 MESSAGE CARDS WITH ENVELOPES,5,2011-10-17 14:42:00,1.65,15033,United Kingdom,8.25
578270,22596,CHRISTMAS STAR WISH LIST CHALKBOARD,8,2011-11-23 13:39:00,2.46,14096,United Kingdom,19.68
572331,23255,CHILDRENS CUTLERY CIRCUS PARADE,4,2011-10-24 10:18:00,4.15,16491,United Kingdom,16.6
581412,23681,LUNCH BAG RED VINTAGE DOILY,4,2011-12-08 14:38:00,1.65,14415,United Kingdom,6.6
564436,84596B,SMALL DOLLY MIX DESIGN ORANGE BOWL,3,2011-08-25 12:06:00,0.42,17841,United Kingdom,1.26
580613,23437, 50'S CHRISTMAS GIFT BAG LARGE,12,2011-12-05 12:03:00,1.25,14759,United Kingdom,15.0
566564,17012F,ORIGAMI SANDLEWOOD INCENSE/CAND SET,6,2011-09-13 12:26:00,0.85,15522,United Kingdom,5.1
562101,22356,CHARLOTTE BAG PINK POLKADOT,10,2011-08-02 14:04:00,0.85,13850,United Kingdom,8.5
537144,72051S,BAG OF SILVER STONES,4,2010-12-05 13:00:00,0.42,15880,United Kingdom,1.68
557466,22960,JAM MAKING SET WITH JARS,12,2011-06-20 13:08:00,3.75,13815,Germany,45.0
563428,21062,PARTY INVITES SPACEMAN,12,2011-08-16 11:44:00,0.85,13159,United Kingdom,10.2
568901,22189,CREAM HEART CARD HOLDER,8,2011-09-29 13:22:00,3.95,15050,United Kingdom,31.6
557776,23033,DRAWER KNOB CERAMIC RED,6,2011-06-22 15:07:00,1.45,14422,United Kingdom,8.7
569691,22726,ALARM CLOCK BAKELIKE GREEN,4,2011-10-05 15:09:00,3.75,18223,United Kingdom,15.0
537140,22867,HAND WARMER BIRD DESIGN,1,2010-12-05 12:53:00,2.1,12748,United Kingdom,2.1
555284,22439,6 ROCKET BALLOONS ,24,2011-06-02 09:37:00,0.55,14298,United Kingdom,13.2
542425,22721,SET OF 3 CAKE TINS SKETCHBOOK,3,2011-01-28 09:20:00,4.95,12574,France,14.85
565207,22409,MONEY BOX BISCUITS DESIGN,2,2011-09-01 16:46:00,1.25,16764,United Kingdom,2.5
552005,85152,HAND OVER THE CHOCOLATE   SIGN ,12,2011-05-05 16:34:00,2.1,15491,United Kingdom,25.2
559032,21495,SKULLS AND CROSSBONES WRAP,25,2011-07-05 14:53:00,0.42,17511,United Kingdom,10.5
536569,84870B,BLUE GEISHA GIRL ,1,2010-12-01 15:35:00,3.75,16274,United Kingdom,3.75
541841,22726,ALARM CLOCK BAKELIKE GREEN,4,2011-01-23 11:53:00,3.75,14450,United Kingdom,15.0
566973,22840,ROUND CAKE TIN VINTAGE RED,2,2011-09-16 09:21:00,7.95,15152,United Kingdom,15.9
547079,22605,WOODEN CROQUET GARDEN SET,1,2011-03-20 15:02:00,14.95,15408,United Kingdom,14.95
546678,POST,POSTAGE,3,2011-03-15 16:39:00,18.0,12681,France,54.0
562619,22409,MONEY BOX BISCUITS DESIGN,2,2011-08-08 12:34:00,1.25,15311,United Kingdom,2.5
539087,22837,HOT WATER BOTTLE BABUSHKA ,36,2010-12-16 09:44:00,4.25,13093,United Kingdom,153.0
569105,22727,ALARM CLOCK BAKELIKE RED ,4,2011-09-30 12:35:00,3.75,16729,United Kingdom,15.0
557748,23201,JUMBO BAG ALPHABET,1,2011-06-22 12:32:00,2.08,14527,United Kingdom,2.08
564850,84596B,SMALL DOLLY MIX DESIGN ORANGE BOWL,2,2011-08-30 16:43:00,0.42,17298,United Kingdom,0.84
569371,21992,VINTAGE PAISLEY STATIONERY SET,1,2011-10-03 15:52:00,1.25,14651,United Kingdom,1.25
565129,82484,WOOD BLACK BOARD ANT WHITE FINISH,2,2011-09-01 12:41:00,7.95,15719,United Kingdom,15.9
572904,22151,PLACE SETTING WHITE HEART,48,2011-10-26 15:31:00,0.42,17175,United Kingdom,20.16
550331,20725,LUNCH BAG RED RETROSPOT,2,2011-04-17 13:43:00,1.65,15555,United Kingdom,3.3
543600,22644,CERAMIC CHERRY CAKE MONEY BANK,4,2011-02-10 13:19:00,1.45,18168,United Kingdom,5.8
545074,22297,HEART IVORY TRELLIS SMALL,24,2011-02-28 09:28:00,1.25,17655,United Kingdom,30.0
557846,22028,PENNY FARTHING BIRTHDAY CARD,12,2011-06-23 10:44:00,0.42,17365,United Kingdom,5.04
547794,23154,SET OF 4 JAM JAR MAGNETS,4,2011-03-25 12:13:00,2.08,14085,United Kingdom,8.32
555471,23301,GARDENERS KNEELING PAD KEEP CALM ,3,2011-06-03 11:42:00,1.65,16117,United Kingdom,4.95
539018,20754,RETROSPOT RED WASHING UP GLOVES,6,2010-12-15 14:00:00,2.1,16134,United Kingdom,12.6
562269,22841,ROUND CAKE TIN VINTAGE GREEN,1,2011-08-03 16:35:00,7.95,14056,United Kingdom,7.95
538816,22835,HOT WATER BOTTLE I AM SO POORLY,4,2010-12-14 12:35:00,4.65,16812,United Kingdom,18.6
567300,23389,SPACEBOY MINI BACKPACK,4,2011-09-19 12:36:00,4.15,12724,France,16.6
569699,23505,PLAYING CARDS I LOVE LONDON ,3,2011-10-05 15:52:00,1.25,12723,France,3.75
576060,23301,GARDENERS KNEELING PAD KEEP CALM ,10,2011-11-13 15:25:00,1.65,13681,United Kingdom,16.5
567474,23244,ROUND STORAGE TIN VINTAGE LEAF,2,2011-09-20 12:53:00,1.95,13448,United Kingdom,3.9
571629,20996,JAZZ HEARTS ADDRESS BOOK,24,2011-10-18 11:18:00,0.19,13362,United Kingdom,4.56
550798,22894,TABLECLOTH RED APPLES DESIGN ,6,2011-04-20 14:41:00,9.95,15290,United Kingdom,59.7
555368,21212,PACK OF 72 RETROSPOT CAKE CASES,24,2011-06-02 14:30:00,0.55,13437,United Kingdom,13.2
539089,20828,GLITTER BUTTERFLY CLIPS,6,2010-12-16 09:46:00,2.55,15246,United Kingdom,15.3
566914,22082,RIBBON REEL STRIPES DESIGN ,5,2011-09-15 14:08:00,1.65,15466,United Kingdom,8.25
578818,85177,BASKET OF FLOWERS SEWING KIT,3,2011-11-25 13:47:00,0.85,17920,United Kingdom,2.55
559526,84792,ENCHANTED BIRD COATHANGER 5 HOOK,1,2011-07-10 11:19:00,4.65,15756,United Kingdom,4.65
573401,21988,PACK OF 6 SKULL PAPER PLATES,12,2011-10-30 15:43:00,0.85,12364,Belgium,10.2
571201,23127,FELTCRAFT GIRL NICOLE KIT,12,2011-10-14 12:28:00,4.15,14937,Channel Islands,49.8
574619,20975,12 PENCILS SMALL TUBE RED RETROSPOT,3,2011-11-06 11:18:00,0.65,15952,United Kingdom,1.95
550911,21156,RETROSPOT CHILDRENS APRON,8,2011-04-21 13:11:00,1.95,12354,Spain,15.6
559876,20718,RED RETROSPOT SHOPPER BAG,2,2011-07-13 11:09:00,1.25,15752,United Kingdom,2.5
575766,23148,MINIATURE ANTIQUE ROSE HOOK IVORY,3,2011-11-11 11:06:00,0.83,12856,United Kingdom,2.49
538517,22940,FELTCRAFT CHRISTMAS FAIRY,1,2010-12-12 16:05:00,4.25,17618,United Kingdom,4.25
578233,84029G,KNITTED UNION FLAG HOT WATER BOTTLE,2,2011-11-23 12:20:00,4.25,14049,United Kingdom,8.5
565730,82583,HOT BATHS METAL SIGN,2,2011-09-06 12:02:00,2.1,14715,United Kingdom,4.2
570513,23019,SMALL APOTHECARY MEASURING JAR ,6,2011-10-11 10:33:00,7.45,14952,United Kingdom,44.7
545945,22727,ALARM CLOCK BAKELIKE RED ,2,2011-03-08 12:07:00,3.75,16710,United Kingdom,7.5
551301,22192,BLUE DINER WALL CLOCK,4,2011-04-27 14:49:00,8.5,17675,United Kingdom,34.0
548701,22522,CHILDS GARDEN FORK BLUE ,12,2011-04-03 11:36:00,0.85,17629,United Kingdom,10.2
563638,21716,BOYS VINTAGE TIN SEASIDE BUCKET,2,2011-08-18 10:36:00,2.55,15311,United Kingdom,5.1
